ghi,ebh,dni,dhi,air_temp,cloud_opacity
0,0,0,0,24,41
0,0,0,0,24,42
0,0,0,0,24,43
0,0,0,0,24,44
0,0,0,0,24,44
0,0,0,0,24,45
0,0,0,0,24,46
0,0,0,0,24,46
0,0,0,0,24,46
0,0,0,0,24,46
0,0,0,0,24,45
0,0,0,0,24,45
0,0,0,0,24,45
0,0,0,0,24,44
0,0,0,0,24,42
0,0,0,0,24,41
0,0,0,0,24,40
0,0,0,0,24,38
0,0,0,0,24,37
0,0,0,0,24,38
0,0,0,0,24,38
0,0,0,0,24,38
0,0,0,0,24,39
0,0,0,0,24,40
0,0,0,0,24,40
0,0,0,0,24,40
0,0,0,0,24,39
0,0,0,0,24,39
0,0,0,0,24,39
0,0,0,0,24,38
0,0,0,0,24,38
0,0,0,0,24,38
0,0,0,0,24,37
0,0,0,0,24,36
0,0,0,0,23,36
0,0,0,0,23,36
0,0,0,0,23,35
0,0,0,0,23,35
0,0,0,0,23,35
0,0,0,0,23,34
0,0,0,0,23,34
0,0,0,0,23,34
0,0,0,0,23,34
0,0,0,0,23,34
0,0,0,0,23,35
0,0,0,0,23,36
0,0,0,0,23,36
0,0,0,0,23,36
0,0,0,0,23,37
0,0,0,0,23,38
0,0,0,0,23,38
0,0,0,0,23,39
0,0,0,0,23,40
0,0,0,0,23,40
0,0,0,0,23,41
0,0,0,0,23,42
0,0,0,0,23,42
0,0,0,0,23,42
0,0,0,0,23,43
0,0,0,0,23,44
0,0,0,0,23,44
0,0,0,0,23,44
0,0,0,0,23,44
0,0,0,0,23,44
0,0,0,0,23,45
0,0,0,0,23,45
0,0,0,0,23,45
1,0,0,1,23,44
1,0,0,1,23,44
2,0,0,2,22,44
3,0,0,3,22,43
3,0,0,3,22,42
4,0,0,4,22,42
10,0,4,9,22,41
16,1,8,14,22,39
22,2,12,20,22,38
27,2,15,25,22,37
33,2,19,30,22,35
14,3,23,14,22,74
17,3,20,16,22,74
19,2,16,19,22,75
22,2,13,22,22,76
25,2,10,24,22,76
27,1,6,26,22,76
30,1,3,29,22,77
32,1,3,32,22,77
35,1,3,34,22,77
38,1,2,37,22,78
40,1,2,40,22,78
42,1,2,42,22,78
45,1,2,45,22,78
49,1,2,49,22,78
53,1,2,53,22,77
57,1,2,56,22,77
61,1,3,60,22,77
65,1,3,64,22,76
95,2,6,93,22,67
100,2,6,98,22,67
106,2,6,104,23,67
112,2,6,109,23,66
117,3,7,114,23,66
122,3,7,120,24,66
133,4,8,130,24,65
141,4,9,138,24,64
150,5,9,146,24,63
158,5,10,154,24,62
166,5,11,161,24,62
175,6,11,169,24,61
165,5,9,160,24,64
175,6,10,169,24,63
184,6,11,178,24,62
194,6,12,188,24,62
204,7,12,197,25,61
213,8,13,206,25,60
326,45,77,282,25,39
342,54,89,289,25,38
358,62,101,296,25,36
374,71,112,303,25,35
389,80,124,310,25,34
405,88,136,317,25,32
421,97,148,324,25,31
434,106,158,328,25,30
447,114,169,333,25,29
460,123,180,337,26,28
472,132,190,341,26,28
485,140,200,346,26,27
498,149,211,350,26,26
505,152,212,354,26,26
512,154,213,358,26,26
519,157,214,362,26,26
526,160,216,367,26,26
533,162,217,371,26,26
445,64,84,381,26,39
456,70,91,386,26,38
467,76,98,391,26,37
478,82,104,396,26,36
489,88,111,401,27,36
500,94,118,406,27,35
588,201,254,387,27,24
603,224,280,379,27,23
618,247,306,371,27,21
634,270,332,364,27,20
649,293,359,356,27,19
664,316,385,348,27,17
662,304,370,358,27,18
648,277,337,370,27,20
634,251,304,383,27,22
620,224,271,396,27,24
605,197,238,408,27,27
591,171,205,420,27,29
576,183,218,393,27,31
559,166,197,394,27,33
542,148,176,394,27,35
525,130,155,394,27,38
508,113,134,395,27,40
491,96,113,396,27,42
427,41,48,387,27,49
426,40,47,386,27,49
424,39,46,386,27,49
422,38,44,385,27,50
421,37,43,384,27,50
420,36,42,384,27,50
480,55,65,425,27,43
481,56,67,424,27,43
481,57,68,424,27,42
482,58,70,424,27,42
483,60,72,423,27,42
483,61,73,422,27,41
501,74,88,427,27,39
499,74,89,425,27,39
498,75,90,423,27,39
496,76,92,420,27,38
494,76,93,418,27,38
493,76,94,416,27,38
657,322,399,335,27,17
628,283,352,344,27,20
598,244,305,354,27,23
569,206,258,364,27,26
540,167,210,373,27,30
510,128,163,382,27,33
481,89,116,392,27,36
485,101,134,384,27,35
490,113,153,377,27,33
494,126,171,369,27,32
498,138,189,361,27,31
503,150,208,354,27,29
507,162,226,346,27,28
485,143,201,342,27,30
462,125,175,338,27,33
440,106,150,334,27,35
418,87,125,331,27,37
395,69,99,327,27,40
621,471,704,150,27,3
606,452,684,154,27,4
591,432,663,158,27,5
576,413,642,162,27,6
560,394,622,167,27,6
545,374,602,171,27,7
449,210,338,239,27,22
424,183,296,241,27,25
398,155,253,243,27,28
372,128,211,244,27,32
347,101,169,246,27,35
322,73,126,248,27,38
296,46,84,250,27,41
278,40,74,237,27,44
259,35,65,224,27,46
240,30,55,211,27,48
222,24,45,198,27,51
204,18,36,185,27,54
185,13,26,172,27,56
173,11,23,161,27,58
160,10,20,151,27,59
148,8,17,140,27,61
136,6,14,129,27,63
123,5,11,119,27,64
111,3,8,108,27,66
109,3,9,106,27,65
106,3,10,103,27,64
104,4,11,100,27,64
102,4,12,98,27,63
99,4,13,96,27,62
225,123,403,103,27,9
211,112,379,100,27,10
197,102,354,96,27,11
183,91,330,92,27,12
169,80,306,89,27,13
155,70,281,86,27,14
119,28,132,92,27,26
112,28,136,85,27,24
105,27,139,78,27,22
98,27,142,72,26,20
91,27,146,65,26,17
84,26,150,58,26,15
61,12,68,49,26,33
54,10,59,43,26,36
46,9,49,38,26,39
39,7,40,32,26,42
32,5,31,26,26,44
24,4,21,21,26,47
17,2,9,15,26,44
14,2,8,13,26,45
12,1,6,11,26,46
10,1,4,8,26,48
7,1,3,6,25,49
4,0,2,4,25,50
1,0,0,1,25,88
1,0,0,1,25,86
1,0,0,1,25,85
0,0,0,0,25,83
0,0,0,0,25,81
0,0,0,0,25,80
0,0,0,0,25,78
0,0,0,0,25,74
0,0,0,0,25,71
0,0,0,0,25,68
0,0,0,0,25,64
0,0,0,0,25,60
0,0,0,0,25,57
0,0,0,0,25,56
0,0,0,0,25,56
0,0,0,0,24,55
0,0,0,0,24,54
0,0,0,0,24,54
0,0,0,0,24,53
0,0,0,0,24,53
0,0,0,0,24,53
0,0,0,0,24,54
0,0,0,0,24,54
0,0,0,0,24,54
0,0,0,0,24,54
0,0,0,0,24,55
0,0,0,0,24,56
0,0,0,0,24,56
0,0,0,0,24,57
0,0,0,0,24,58
0,0,0,0,24,59
0,0,0,0,24,60
0,0,0,0,24,61
0,0,0,0,24,62
0,0,0,0,24,63
0,0,0,0,24,64
0,0,0,0,23,68
0,0,0,0,23,67
0,0,0,0,23,66
0,0,0,0,24,66
0,0,0,0,24,65
0,0,0,0,24,64
0,0,0,0,24,78
0,0,0,0,24,78
0,0,0,0,24,77
0,0,0,0,24,76
0,0,0,0,24,76
0,0,0,0,24,76
0,0,0,0,24,83
0,0,0,0,24,83
0,0,0,0,24,84
0,0,0,0,24,84
0,0,0,0,24,84
0,0,0,0,24,85
0,0,0,0,24,74
0,0,0,0,24,71
0,0,0,0,24,69
0,0,0,0,24,66
0,0,0,0,23,63
0,0,0,0,23,61
0,0,0,0,23,81
0,0,0,0,23,82
0,0,0,0,23,82
0,0,0,0,23,82
0,0,0,0,23,83
0,0,0,0,23,84
0,0,0,0,23,84
0,0,0,0,23,84
0,0,0,0,23,85
0,0,0,0,22,85
0,0,0,0,22,85
0,0,0,0,22,86
0,0,0,0,22,76
0,0,0,0,22,75
0,0,0,0,22,73
0,0,0,0,22,72
0,0,0,0,22,71
0,0,0,0,22,69
0,0,0,0,22,66
0,0,0,0,22,65
0,0,0,0,22,65
0,0,0,0,22,64
0,0,0,0,21,63
0,0,0,0,21,63
0,0,0,0,21,67
0,0,0,0,21,68
0,0,0,0,21,69
0,0,0,0,21,70
0,0,0,0,21,72
0,0,0,0,21,73
0,0,0,0,21,71
0,0,0,0,21,71
0,0,0,0,21,72
0,0,0,0,20,72
0,0,0,0,20,72
0,0,0,0,20,73
0,0,0,0,20,75
0,0,0,0,20,76
0,0,0,0,20,78
0,0,0,0,20,79
0,0,0,0,20,80
0,0,0,0,20,82
0,0,0,0,20,79
0,0,0,0,20,78
0,0,0,0,20,78
0,0,0,0,20,77
0,0,0,0,20,76
0,0,0,0,20,76
0,0,0,0,20,73
0,0,1,0,20,73
1,0,2,1,20,74
2,0,3,2,20,74
2,1,4,2,20,74
2,1,5,2,20,75
3,1,6,3,20,75
5,3,18,5,20,75
7,5,31,7,20,75
8,7,43,8,20,75
10,9,55,10,20,75
12,11,68,12,20,75
14,13,80,14,20,75
16,18,105,16,20,76
18,23,130,18,20,77
20,28,156,20,20,78
21,33,181,21,21,78
23,38,206,23,21,79
25,43,231,25,21,80
34,36,194,33,21,77
42,29,156,42,21,75
51,22,119,50,22,72
60,16,82,58,22,69
68,9,44,67,22,67
77,2,7,75,22,64
90,4,12,86,22,61
103,5,16,98,22,58
116,7,20,109,22,56
129,9,25,120,22,53
142,10,30,132,22,50
155,12,34,143,22,47
173,19,50,154,22,44
191,27,65,164,22,42
208,34,81,174,22,39
226,41,97,185,23,36
244,49,112,196,23,34
262,56,128,206,23,31
289,87,185,202,23,27
316,118,242,198,23,23
343,148,298,194,24,20
370,179,355,190,24,16
397,210,412,186,24,12
403,208,411,195,24,12
403,194,379,209,24,14
404,181,347,223,24,16
404,168,315,236,24,18
404,154,283,250,25,20
405,140,251,264,25,22
405,127,219,278,25,24
406,120,205,286,25,25
407,114,191,294,25,27
408,107,178,302,25,28
410,100,164,309,25,29
411,94,150,317,25,31
326,31,48,296,25,46
310,27,42,284,25,49
295,23,35,273,25,52
280,19,29,262,26,56
264,15,23,250,26,59
248,11,16,238,26,62
120,1,1,119,26,82
115,77,102,114,26,83
110,153,202,110,26,84
106,229,303,105,26,85
101,305,404,100,26,86
96,381,504,96,26,87
91,457,605,91,26,88
95,381,504,95,26,88
99,305,404,99,26,87
104,229,303,103,26,86
108,153,202,107,26,86
112,77,102,111,26,86
216,4,5,213,26,72
228,5,6,224,26,71
241,5,6,236,26,69
253,6,7,248,26,68
265,7,8,259,27,67
278,7,8,270,27,65
523,114,140,409,27,35
545,141,172,404,27,33
567,168,203,399,27,30
589,194,235,394,27,28
611,221,267,390,27,26
633,248,298,385,27,23
701,371,444,330,27,15
698,362,432,336,27,16
695,353,420,342,27,16
692,344,408,348,27,16
689,334,397,355,27,17
686,325,385,361,27,18
658,268,316,391,27,21
650,256,302,395,27,22
642,244,289,399,27,23
634,232,276,402,27,24
627,221,262,406,27,25
619,209,248,410,27,26
611,197,235,414,27,27
608,194,231,414,27,27
604,190,228,414,27,27
601,187,224,414,27,28
598,184,220,415,27,28
594,180,217,415,27,28
591,177,213,415,27,28
586,175,212,412,27,28
580,173,210,408,27,29
575,170,208,405,27,29
570,168,207,402,27,29
564,166,206,398,27,30
559,164,204,395,27,30
540,147,183,393,27,32
520,130,162,390,27,34
500,112,142,388,27,36
481,95,121,386,27,38
462,78,100,383,27,40
576,239,310,337,27,23
533,203,264,330,27,28
490,167,217,323,27,34
447,130,170,316,28,39
404,94,124,310,28,44
361,58,78,303,28,50
318,22,31,296,28,55
294,19,26,275,28,58
270,16,22,254,28,61
246,12,18,234,28,64
221,9,13,213,28,67
197,6,8,192,28,70
173,3,4,171,28,73
163,3,4,161,28,74
153,2,3,152,28,75
144,2,3,142,28,76
134,2,3,132,28,78
124,1,2,123,28,79
114,1,2,113,28,80
114,1,2,113,28,80
115,1,2,114,28,79
116,2,2,114,28,78
116,2,3,114,28,78
116,2,3,115,28,78
117,2,3,115,28,77
116,2,3,114,28,76
114,2,4,112,28,76
113,2,4,111,28,76
112,2,4,110,28,75
110,2,5,108,28,74
109,2,5,107,28,74
108,2,5,106,28,73
106,2,6,104,28,72
105,2,6,103,28,72
104,3,6,102,28,71
102,3,7,100,28,70
101,3,7,99,28,69
100,3,8,98,28,68
99,3,9,97,28,66
98,4,10,96,28,64
98,4,12,94,28,63
97,4,13,93,28,62
96,4,14,92,28,60
94,5,18,89,28,57
92,5,22,87,28,54
90,6,26,84,28,52
88,7,30,81,28,49
86,7,34,79,28,46
84,8,38,76,28,43
78,8,38,71,28,42
73,7,37,65,28,40
67,7,36,60,28,38
61,7,36,55,27,37
56,6,36,49,27,36
50,6,35,44,27,34
44,5,31,38,27,32
38,4,27,33,27,31
32,4,23,28,26,30
25,3,19,22,26,28
19,2,15,16,26,26
13,1,11,11,26,25
11,1,9,9,26,24
9,1,7,7,26,23
6,0,6,6,26,22
4,0,4,4,25,22
2,0,2,2,25,21
0,0,0,0,25,20
0,0,0,0,25,20
0,0,0,0,25,20
0,0,0,0,25,20
0,0,0,0,25,19
0,0,0,0,25,19
0,0,0,0,25,19
0,0,0,0,25,19
0,0,0,0,25,19
0,0,0,0,25,19
0,0,0,0,25,19
0,0,0,0,25,19
0,0,0,0,25,19
0,0,0,0,25,19
0,0,0,0,25,19
0,0,0,0,24,19
0,0,0,0,24,19
0,0,0,0,24,19
0,0,0,0,24,19
0,0,0,0,24,19
0,0,0,0,24,19
0,0,0,0,24,18
0,0,0,0,24,18
0,0,0,0,24,18
0,0,0,0,24,41
0,0,0,0,24,42
0,0,0,0,24,43
0,0,0,0,24,44
0,0,0,0,24,44
0,0,0,0,24,45
0,0,0,0,24,46
0,0,0,0,24,45
0,0,0,0,24,45
0,0,0,0,24,44
0,0,0,0,23,43
0,0,0,0,23,43
0,0,0,0,23,46
0,0,0,0,23,46
0,0,0,0,23,46
0,0,0,0,23,46
0,0,0,0,23,45
0,0,0,0,23,45
0,0,0,0,19,45
0,0,0,0,19,46
0,0,0,0,19,46
0,0,0,0,19,47
0,0,0,0,19,48
0,0,0,0,19,48
0,0,0,0,19,49
0,0,0,0,19,46
0,0,0,0,19,42
0,0,0,0,18,39
0,0,0,0,18,36
0,0,0,0,18,32
0,0,0,0,18,29
0,0,0,0,18,27
0,0,0,0,18,25
0,0,0,0,18,24
0,0,0,0,18,22
0,0,0,0,18,20
0,0,0,0,18,18
0,0,0,0,18,15
0,0,0,0,18,13
0,0,0,0,18,10
0,0,0,0,18,7
0,0,0,0,18,5
0,0,0,0,18,2
0,0,0,0,18,2
0,0,0,0,18,1
0,0,0,0,18,1
0,0,0,0,17,1
0,0,0,0,17,0
0,0,0,0,17,0
0,0,0,0,17,0
0,0,0,0,17,0
0,0,0,0,17,0
0,0,0,0,17,0
0,0,0,0,17,0
0,0,0,0,17,0
0,0,0,0,17,0
0,0,0,0,17,0
0,0,0,0,16,0
0,0,0,0,16,0
0,0,0,0,16,0
0,0,0,0,16,0
0,0,0,0,16,0
0,0,0,0,16,0
0,0,0,0,16,0
0,0,0,0,16,0
0,0,0,0,16,0
0,0,0,0,16,0
0,0,0,0,16,0
0,0,0,0,16,0
0,0,0,0,16,0
0,0,0,0,16,0
0,0,0,0,16,0
0,0,0,0,16,0
0,0,0,0,16,0
0,0,0,0,16,0
0,0,0,0,16,0
0,0,0,0,16,0
0,0,0,0,16,0
0,0,0,0,16,0
0,0,0,0,16,0
0,0,0,0,16,0
0,0,0,0,16,0
0,0,0,0,15,0
0,0,0,0,15,0
0,0,0,0,15,0
0,0,1,0,15,0
1,0,2,1,15,0
2,0,3,1,15,0
2,1,4,1,15,0
2,1,5,2,15,0
3,1,6,2,15,0
12,5,32,7,15,0
22,10,59,12,15,0
31,14,85,17,15,0
40,18,111,22,15,0
50,23,138,27,15,0
59,27,164,32,15,0
72,36,212,36,15,0
84,44,261,40,15,0
96,52,309,44,15,0
109,61,357,48,15,0
122,70,406,52,15,0
134,78,454,56,15,0
148,90,474,58,15,0
162,101,494,61,15,0
176,113,514,64,16,0
191,125,535,66,16,0
205,136,555,68,16,0
219,148,575,71,16,0
234,161,590,73,16,0
248,174,604,74,16,0
263,187,619,76,16,0
278,200,634,78,17,0
292,213,648,79,17,0
307,226,663,81,17,0
322,239,673,82,17,0
336,253,684,84,17,0
351,266,694,85,18,0
366,279,704,86,18,0
380,293,715,88,18,0
395,306,725,89,18,0
409,319,732,90,18,0
423,332,739,92,18,0
438,344,746,93,18,0
452,357,752,94,19,0
466,370,759,96,19,0
480,383,766,97,19,0
493,395,770,98,19,0
507,407,775,100,19,0
520,418,779,102,20,0
533,430,783,103,20,0
547,442,788,104,20,0
560,454,792,106,20,0
572,465,795,108,20,0
585,476,797,109,20,0
597,486,800,110,20,0
609,497,803,112,20,0
622,508,805,114,20,0
634,519,808,115,20,0
645,530,813,115,20,0
655,540,819,115,20,0
666,551,824,115,20,0
677,562,829,115,21,0
687,572,835,115,21,0
698,583,840,115,21,0
707,591,842,116,21,0
716,599,843,117,21,0
725,607,844,118,21,0
734,615,846,118,21,0
743,623,848,119,21,0
752,631,849,120,21,0
759,635,846,123,21,0
766,639,843,127,21,0
774,642,840,130,22,0
781,646,836,133,22,0
788,650,833,137,22,0
795,654,830,140,22,0
800,658,830,141,22,0
805,663,830,142,22,0
810,667,830,142,22,0
816,671,830,143,22,0
821,676,830,144,22,0
826,680,830,145,22,0
829,682,830,146,22,0
833,685,829,147,22,0
836,687,829,148,22,0
839,689,829,149,23,1
843,692,828,150,23,1
846,694,828,151,23,1
847,696,830,150,23,1
848,698,833,149,23,1
850,700,836,148,23,1
851,703,838,148,23,1
852,705,840,147,23,1
853,707,843,146,23,1
852,705,840,147,23,1
850,702,837,148,23,1
848,700,834,148,23,1
847,698,832,149,23,1
846,695,829,150,23,1
844,693,826,151,23,1
840,690,826,150,23,1
836,687,825,149,23,1
832,684,824,148,24,1
828,680,824,147,24,1
824,677,824,146,24,1
820,674,823,145,24,1
813,663,813,149,24,1
806,653,804,153,24,2
800,642,794,156,24,2
793,631,784,160,24,2
786,621,775,164,24,3
779,610,765,168,24,3
769,599,758,169,24,3
759,588,751,170,24,4
749,578,744,170,24,4
739,567,737,171,24,4
729,556,730,172,24,5
719,545,723,173,24,5
706,527,706,178,24,6
693,510,689,182,24,6
680,492,672,186,24,7
666,474,655,191,24,8
653,457,638,196,24,8
640,439,621,200,24,9
624,414,592,208,24,10
607,390,563,216,24,11
590,366,534,224,24,12
574,341,504,232,24,14
558,316,475,240,24,15
541,292,446,248,24,16
523,270,417,252,24,17
505,248,389,256,24,19
487,226,360,260,24,20
469,205,331,263,24,21
451,183,303,267,24,23
433,161,274,271,24,24
416,147,252,268,24,26
399,132,230,266,24,27
382,118,208,263,24,28
364,104,185,260,24,30
347,89,163,258,24,32
330,75,141,255,24,33
316,69,132,248,24,34
303,63,122,240,24,35
290,56,113,232,24,36
276,50,104,225,24,37
262,44,94,218,24,38
249,38,85,210,24,39
240,36,83,202,24,39
230,35,81,195,24,39
221,33,80,188,24,40
212,31,78,180,24,40
202,30,76,172,24,40
193,28,74,165,24,40
187,28,80,158,24,39
180,29,86,152,24,38
174,29,92,145,24,37
168,29,97,138,23,36
161,30,103,132,23,35
155,30,109,125,23,34
148,30,120,118,23,32
142,31,131,110,23,31
135,32,142,103,23,29
128,32,152,96,23,27
122,32,163,88,23,26
115,33,174,81,23,24
107,30,163,75,23,22
98,28,152,69,23,20
90,26,141,64,22,18
82,23,130,58,22,17
73,20,119,52,22,15
65,18,108,46,22,13
56,16,94,40,22,12
48,13,80,34,22,10
39,11,66,28,22,8
30,9,52,21,21,7
22,6,38,15,21,6
13,4,24,9,21,4
11,3,20,8,21,3
9,3,16,6,21,3
6,2,12,4,21,2
4,1,8,3,21,1
2,1,4,2,21,1
0,0,0,0,21,0
0,0,0,0,21,0
0,0,0,0,21,0
0,0,0,0,20,0
0,0,0,0,20,0
0,0,0,0,20,0
0,0,0,0,20,0
0,0,0,0,20,0
0,0,0,0,20,0
0,0,0,0,20,0
0,0,0,0,20,0
0,0,0,0,20,0
0,0,0,0,20,0
0,0,0,0,20,0
0,0,0,0,20,0
0,0,0,0,20,0
0,0,0,0,19,1
0,0,0,0,19,1
0,0,0,0,19,1
0,0,0,0,19,1
0,0,0,0,19,1
0,0,0,0,19,1
0,0,0,0,19,1
0,0,0,0,19,1
0,0,0,0,19,1
0,0,0,0,19,1
0,0,0,0,19,1
0,0,0,0,19,1
0,0,0,0,19,1
0,0,0,0,19,1
0,0,0,0,19,1
0,0,0,0,19,1
0,0,0,0,19,1
0,0,0,0,19,0
0,0,0,0,19,0
0,0,0,0,19,0
0,0,0,0,19,0
0,0,0,0,19,0
0,0,0,0,19,0
0,0,0,0,18,0
0,0,0,0,18,0
0,0,0,0,18,0
0,0,0,0,25,0
0,0,0,0,25,0
0,0,0,0,25,0
0,0,0,0,25,0
0,0,0,0,25,0
0,0,0,0,25,0
0,0,0,0,25,0
0,0,0,0,25,1
0,0,0,0,25,2
0,0,0,0,25,2
0,0,0,0,25,3
0,0,0,0,25,4
0,0,0,0,25,5
0,0,0,0,25,6
0,0,0,0,25,8
0,0,0,0,24,10
0,0,0,0,24,11
0,0,0,0,24,12
0,0,0,0,24,0
0,0,0,0,24,2
0,0,0,0,24,3
0,0,0,0,24,5
0,0,0,0,24,7
0,0,0,0,24,8
0,0,0,0,24,18
0,0,0,0,24,19
0,0,0,0,24,20
0,0,0,0,24,20
0,0,0,0,24,21
0,0,0,0,24,22
0,0,0,0,24,23
0,0,0,0,24,24
0,0,0,0,24,26
0,0,0,0,24,27
0,0,0,0,23,28
0,0,0,0,23,30
0,0,0,0,23,31
0,0,0,0,23,26
0,0,0,0,23,21
0,0,0,0,23,16
0,0,0,0,23,10
0,0,0,0,23,5
0,0,0,0,23,0
0,0,0,0,23,2
0,0,0,0,23,5
0,0,0,0,23,8
0,0,0,0,23,10
0,0,0,0,23,12
0,0,0,0,23,15
0,0,0,0,23,15
0,0,1,0,23,15
0,0,2,0,23,14
1,1,2,1,23,14
1,1,2,1,23,14
1,1,3,1,23,14
3,1,5,3,23,13
6,2,7,5,23,12
8,2,9,6,23,12
10,2,11,8,23,11
13,3,13,10,23,10
15,3,15,12,23,9
24,8,44,16,23,8
33,12,72,21,23,6
42,17,100,26,23,4
52,22,129,30,23,3
61,26,158,34,23,2
70,31,186,39,23,0
82,39,224,43,23,0
94,47,263,47,23,0
106,55,302,52,23,0
119,63,340,56,23,0
131,71,378,60,23,0
143,79,417,64,23,0
157,90,434,67,23,0
170,100,452,70,23,0
184,111,469,73,24,0
198,122,486,76,24,0
211,132,504,79,24,0
217,136,507,81,24,0
231,148,521,83,24,0
245,160,535,85,24,0
259,172,550,88,24,0
273,183,564,90,24,0
287,195,578,92,24,0
301,207,592,94,24,0
315,220,602,96,24,0
329,232,613,98,24,0
344,244,623,100,24,0
358,257,633,101,25,0
372,270,644,103,25,0
386,282,654,105,25,0
400,294,662,106,25,0
414,307,670,108,25,0
428,319,678,110,26,0
441,331,685,111,26,0
455,344,693,112,26,0
469,356,701,114,26,0
482,367,706,116,26,0
495,379,711,117,26,0
508,390,716,119,26,0
522,401,721,121,27,0
535,413,726,122,27,0
548,424,731,124,27,0
560,434,734,126,27,0
572,445,737,128,27,0
584,455,740,130,28,0
596,465,742,131,28,0
608,476,745,133,28,0
620,486,748,134,28,0
631,494,749,136,28,0
641,503,750,138,28,0
652,512,751,140,28,0
663,520,752,143,28,0
673,528,753,145,28,0
684,537,754,147,28,0
693,546,758,148,28,0
703,555,762,148,28,0
712,564,766,148,28,0
721,573,769,149,29,0
731,582,773,150,29,0
740,591,777,150,29,0
748,599,782,150,29,0
755,607,786,149,29,0
762,615,791,148,29,0
770,623,796,148,29,0
778,631,800,148,29,0
785,639,805,147,29,0
791,644,806,148,29,0
797,649,808,148,29,0
802,654,809,148,30,0
808,660,810,149,30,0
814,665,812,150,30,0
820,670,813,150,30,0
824,673,814,150,30,0
827,676,814,151,30,0
830,680,815,151,30,0
834,683,816,151,30,0
838,686,816,152,30,0
841,689,817,152,30,0
843,690,816,153,30,0
844,691,814,154,30,0
846,692,813,155,30,0
848,692,812,156,31,0
849,693,810,157,31,0
851,694,809,158,31,0
850,693,808,158,31,0
850,693,807,158,31,0
850,692,806,158,31,0
849,691,806,159,31,0
848,691,805,159,31,0
848,690,804,159,31,0
846,688,804,158,31,0
843,686,804,157,31,0
840,684,804,156,31,0
838,683,805,156,31,0
836,681,805,155,31,0
833,679,805,154,31,0
828,676,806,152,31,0
824,674,808,151,31,0
820,671,810,149,31,0
815,668,811,147,31,0
810,666,812,146,31,0
806,663,814,144,31,0
799,658,814,143,31,0
793,652,813,141,31,0
786,647,813,140,32,0
779,642,813,139,32,0
773,636,812,137,32,0
766,631,812,136,32,0
758,624,811,134,32,0
750,618,811,133,32,0
742,611,810,132,32,0
733,604,809,130,32,0
725,598,809,128,32,0
717,591,808,127,32,0
707,582,804,126,32,0
697,572,800,126,32,0
688,562,796,126,32,0
678,553,791,125,32,0
668,544,787,124,32,0
658,534,783,124,32,0
647,524,779,123,32,0
635,514,775,122,32,1
624,504,772,120,32,1
613,493,768,119,32,1
601,483,764,118,32,2
590,473,760,117,32,2
578,462,757,115,32,2
565,451,753,114,32,3
552,440,750,112,32,3
540,430,747,110,32,3
528,419,743,109,32,4
515,408,740,107,32,4
502,396,734,106,32,4
488,384,728,104,32,5
474,372,722,102,32,6
461,360,716,101,32,6
448,348,710,100,32,6
434,336,704,98,32,7
420,324,696,96,32,7
406,311,688,95,32,7
392,298,680,94,32,8
378,286,671,92,32,8
364,274,663,90,32,8
350,261,655,89,32,8
336,248,643,87,32,8
322,236,632,86,32,8
308,224,620,84,32,8
293,211,608,82,31,7
279,198,597,81,31,7
265,186,585,79,31,7
251,174,568,77,31,6
237,162,552,75,31,6
223,150,536,73,30,6
209,138,519,71,30,5
195,126,502,69,30,4
181,114,486,67,30,4
168,104,457,64,30,4
155,94,429,61,30,3
142,84,400,58,30,3
129,74,371,55,30,3
116,64,343,52,30,2
103,54,314,49,30,2
92,47,276,45,30,2
81,41,237,41,29,2
70,34,198,36,29,2
60,27,160,32,29,3
49,21,122,28,28,3
33,8,45,25,28,17
28,7,38,22,28,17
24,6,32,18,28,17
19,4,26,14,28,17
14,3,19,11,28,17
10,2,12,8,28,17
5,1,6,4,28,17
4,1,5,3,28,17
3,1,4,3,28,17
2,0,3,2,28,16
2,0,2,1,27,16
1,0,1,1,27,16
0,0,0,0,27,16
0,0,0,0,27,15
0,0,0,0,27,15
0,0,0,0,27,14
0,0,0,0,27,13
0,0,0,0,27,13
0,0,0,0,27,12
0,0,0,0,27,12
0,0,0,0,27,11
0,0,0,0,27,10
0,0,0,0,27,10
0,0,0,0,27,10
0,0,0,0,27,9
0,0,0,0,27,9
0,0,0,0,27,8
0,0,0,0,26,8
0,0,0,0,26,8
0,0,0,0,26,7
0,0,0,0,26,7
0,0,0,0,26,6
0,0,0,0,26,6
0,0,0,0,26,6
0,0,0,0,26,5
0,0,0,0,26,4
0,0,0,0,26,4
0,0,0,0,26,3
0,0,0,0,26,3
0,0,0,0,26,2
0,0,0,0,26,1
0,0,0,0,26,1
0,0,0,0,26,0
0,0,0,0,26,0
0,0,0,0,26,0
0,0,0,0,26,0
0,0,0,0,25,0
0,0,0,0,25,0
0,0,0,0,23,46
0,0,0,0,23,46
0,0,0,0,23,46
0,0,0,0,22,46
0,0,0,0,22,46
0,0,0,0,22,46
0,0,0,0,22,46
0,0,0,0,22,46
0,0,0,0,22,46
0,0,0,0,22,46
0,0,0,0,22,46
0,0,0,0,22,46
0,0,0,0,22,13
0,0,0,0,22,12
0,0,0,0,22,12
0,0,0,0,22,12
0,0,0,0,22,11
0,0,0,0,22,10
0,0,0,0,22,16
0,0,0,0,22,14
0,0,0,0,22,12
0,0,0,0,22,10
0,0,0,0,22,9
0,0,0,0,22,7
0,0,0,0,22,5
0,0,0,0,22,9
0,0,0,0,22,13
0,0,0,0,22,18
0,0,0,0,21,22
0,0,0,0,21,26
0,0,0,0,21,3
0,0,0,0,21,6
0,0,0,0,21,9
0,0,0,0,21,12
0,0,0,0,21,16
0,0,0,0,21,19
0,0,0,0,21,19
0,0,0,0,21,22
0,0,0,0,21,24
0,0,0,0,21,26
0,0,0,0,21,29
0,0,0,0,21,32
0,0,0,0,21,34
0,0,0,0,21,34
0,0,0,0,21,35
0,0,0,0,21,36
0,0,0,0,21,36
0,0,0,0,21,36
0,0,0,0,21,37
0,0,0,0,21,40
0,0,0,0,21,43
0,0,0,0,21,46
0,0,0,0,21,49
0,0,0,0,21,52
0,0,0,0,21,55
0,0,0,0,21,55
0,0,0,0,21,55
0,0,0,0,20,55
0,0,0,0,20,55
0,0,0,0,20,55
0,0,0,0,20,55
0,0,0,0,20,52
0,0,0,0,20,49
0,0,0,0,20,46
1,0,0,1,20,42
1,0,0,1,20,39
1,0,0,1,20,36
2,0,0,2,20,37
2,0,1,2,20,37
3,0,2,3,20,38
4,1,2,4,20,39
4,1,2,4,20,39
5,1,3,5,20,40
11,2,7,10,20,37
17,2,12,16,20,35
24,3,16,21,20,32
30,4,20,26,21,29
36,4,25,32,21,27
42,5,29,37,21,24
52,9,52,44,21,23
63,13,75,50,21,22
74,16,98,57,21,21
84,20,120,64,21,20
94,24,143,70,21,19
105,28,166,77,21,18
119,37,192,82,21,17
132,46,218,86,21,16
146,56,244,90,22,14
160,65,271,95,22,13
173,74,297,100,22,12
187,83,323,104,22,11
202,98,352,105,22,10
218,112,381,106,22,9
234,126,410,107,22,8
249,141,440,108,23,7
264,156,469,109,23,6
280,170,498,110,23,5
296,183,509,113,23,4
311,196,520,116,23,4
327,208,530,118,24,4
343,221,541,121,24,3
358,234,552,124,24,2
374,247,563,127,24,2
388,260,574,128,24,2
402,273,586,129,24,2
416,286,597,130,24,2
429,298,608,130,24,1
443,311,620,131,24,1
457,324,631,132,24,1
468,334,636,134,24,1
479,343,642,136,24,2
490,352,648,138,24,2
502,362,653,139,25,2
513,372,658,141,25,3
524,381,664,143,25,3
531,378,647,153,25,4
538,375,631,163,25,5
544,372,614,173,26,6
551,368,597,183,26,6
558,365,581,193,26,7
565,362,564,203,26,8
568,352,542,215,26,9
571,343,520,228,26,10
574,333,498,240,26,11
576,323,475,252,26,12
579,314,453,265,26,13
669,522,745,148,26,14
678,531,748,148,26,15
688,539,752,149,26,16
697,548,756,150,26,18
706,557,759,150,27,19
716,565,762,150,27,20
725,574,766,151,27,21
732,582,770,151,27,22
740,589,775,151,27,23
747,597,779,150,27,24
754,605,783,150,27,24
762,612,788,150,27,25
769,620,792,150,27,26
775,625,793,151,27,27
781,630,794,151,27,28
786,635,796,152,27,28
792,640,797,153,27,29
798,645,798,153,27,30
804,650,799,154,27,31
799,632,774,167,27,27
793,613,749,180,27,23
788,595,724,194,27,19
783,577,698,207,27,15
777,558,673,220,27,11
825,669,803,156,27,33
823,661,791,162,27,28
821,653,779,168,27,23
819,645,768,174,27,18
817,637,756,181,27,13
815,629,744,187,27,8
813,621,732,193,27,3
808,610,721,198,27,4
803,600,710,203,27,4
798,590,699,208,27,4
792,579,688,214,27,5
787,568,677,219,27,6
699,360,430,339,27,16
676,323,386,353,27,19
652,285,341,367,27,21
629,248,296,382,27,24
606,211,252,396,27,27
582,173,208,410,27,29
429,38,46,391,27,48
420,36,43,384,27,49
411,33,40,378,27,50
402,30,38,372,28,50
393,28,35,365,28,51
384,26,32,358,28,52
636,301,373,335,28,20
615,272,339,343,28,22
594,244,304,351,28,24
573,215,270,358,28,26
552,186,236,366,28,28
531,158,201,374,28,30
255,6,7,249,28,66
260,7,8,254,28,65
266,8,10,258,28,64
272,9,12,262,28,62
277,10,13,267,28,61
282,11,14,272,28,60
144,1,1,143,28,80
145,1,1,144,28,80
146,1,2,145,28,79
148,2,2,146,28,78
149,2,2,147,28,78
150,2,3,148,28,78
256,10,15,247,28,60
261,12,19,250,28,58
266,14,22,253,28,57
271,16,26,256,28,55
276,18,30,258,28,53
281,20,33,261,28,52
242,14,24,228,28,58
245,16,27,230,28,56
248,17,31,231,28,55
252,19,34,233,28,53
255,21,37,235,28,51
258,22,41,236,28,50
261,24,44,238,28,48
256,24,45,233,28,48
251,24,47,227,28,47
246,24,48,222,28,46
240,24,49,217,27,46
235,24,51,211,27,46
230,24,52,206,27,45
214,21,46,194,27,47
199,18,40,181,27,50
184,15,34,168,27,52
168,12,28,156,27,54
152,9,22,144,27,57
137,6,16,131,27,59
136,7,20,129,27,57
135,8,23,127,27,55
134,8,26,125,26,54
132,9,30,123,26,52
131,10,34,121,26,50
130,11,37,119,26,48
126,12,43,114,26,46
121,12,49,109,26,44
117,13,54,104,26,42
113,14,60,99,25,41
108,14,66,94,25,39
104,15,72,89,25,37
98,15,73,83,25,35
91,14,74,77,25,33
84,14,74,70,24,32
78,14,75,64,24,30
72,13,76,58,24,28
65,13,77,52,24,26
56,11,67,45,24,24
48,9,57,38,24,23
39,8,47,31,24,22
30,6,37,24,23,20
22,4,27,17,23,18
13,1,3,12,23,52
11,1,2,10,23,52
9,1,2,9,23,52
8,0,2,7,23,52
6,0,1,5,23,53
4,0,0,4,23,53
2,0,0,2,23,58
2,0,0,2,23,59
1,0,0,1,23,60
1,0,0,1,22,62
1,0,0,1,22,63
0,0,0,0,22,64
0,0,0,0,22,33
0,0,0,0,22,38
0,0,0,0,22,42
0,0,0,0,22,46
0,0,0,0,22,51
0,0,0,0,22,56
0,0,0,0,22,60
0,0,0,0,22,60
0,0,0,0,22,61
0,0,0,0,22,61
0,0,0,0,21,61
0,0,0,0,21,62
0,0,0,0,21,24
0,0,0,0,21,23
0,0,0,0,21,22
0,0,0,0,21,20
0,0,0,0,21,19
0,0,0,0,21,18
0,0,0,0,20,53
0,0,0,0,20,49
0,0,0,0,20,45
0,0,0,0,20,41
0,0,0,0,20,37
0,0,0,0,20,33
0,0,0,0,20,57
0,0,0,0,20,54
0,0,0,0,20,52
0,0,0,0,20,49
0,0,0,0,20,46
0,0,0,0,20,44
0,0,0,0,20,41
0,0,0,0,20,42
0,0,0,0,20,42
0,0,0,0,20,43
0,0,0,0,19,44
0,0,0,0,19,44
839,700,845,139,22,0
838,699,844,139,22,0
838,699,843,140,22,0
838,698,842,140,22,0
837,697,841,140,22,0
836,697,840,141,22,0
836,696,839,141,22,0
833,694,839,140,22,0
831,692,839,139,22,0
828,690,840,138,22,0
825,688,840,138,23,0
823,686,840,137,23,0
820,684,840,136,23,0
815,679,838,136,23,0
811,675,836,136,23,0
806,670,834,136,23,0
801,665,831,136,23,0
797,661,829,136,23,0
792,656,827,136,23,0
785,650,827,135,23,0
778,645,827,133,23,0
772,640,826,132,23,0
765,634,826,131,23,0
758,628,826,129,23,0
751,623,826,128,23,0
742,616,825,126,23,0
734,609,824,125,23,0
725,602,823,124,23,0
716,594,822,122,23,0
708,587,821,120,23,0
699,580,820,119,23,0
689,571,819,117,23,0
678,563,818,116,23,0
668,554,816,114,24,0
658,545,815,112,24,0
647,537,814,111,24,0
637,528,813,109,24,0
623,512,800,111,24,0
610,496,787,114,24,1
596,480,774,116,24,2
582,464,760,118,24,2
569,448,747,121,24,2
555,432,734,123,24,3
537,412,712,126,24,3
520,391,690,128,24,4
502,371,668,130,24,4
484,351,647,133,24,4
467,330,625,136,24,5
449,310,603,138,24,5
434,294,585,138,24,6
418,279,567,138,24,6
403,264,550,138,24,6
388,248,532,139,24,7
372,232,514,139,24,8
357,217,496,139,24,8
343,205,482,137,24,8
330,193,467,135,24,9
316,182,452,134,24,9
302,170,438,132,24,9
289,158,424,130,24,10
275,146,409,128,24,10
262,139,403,123,24,10
250,131,396,118,24,9
238,124,390,112,24,9
225,117,384,107,24,9
212,109,377,102,24,8
200,102,371,97,24,8
188,95,360,92,24,8
176,87,349,87,24,7
164,80,338,82,24,6
151,73,327,78,24,6
139,65,316,73,24,6
127,58,305,68,24,5
116,52,274,63,24,4
104,45,243,58,24,4
92,39,212,53,24,4
81,33,180,48,23,3
70,26,149,43,23,2
58,20,118,38,23,2
49,17,100,32,23,2
41,14,83,27,23,1
32,11,65,21,22,1
23,8,47,15,22,1
15,5,30,10,22,0
6,2,12,4,22,0
5,2,10,3,22,0
4,1,8,3,22,0
3,1,6,2,22,0
2,1,4,1,22,0
1,0,2,1,22,0
0,0,0,0,22,0
0,0,0,0,22,0
0,0,0,0,22,0
0,0,0,0,22,0
0,0,0,0,22,0
0,0,0,0,22,0
0,0,0,0,22,0
0,0,0,0,22,0
0,0,0,0,22,0
0,0,0,0,22,0
0,0,0,0,22,0
0,0,0,0,22,0
0,0,0,0,22,0
0,0,0,0,22,0
0,0,0,0,22,0
0,0,0,0,22,0
0,0,0,0,22,0
0,0,0,0,22,0
0,0,0,0,22,0
0,0,0,0,22,0
0,0,0,0,22,0
0,0,0,0,22,0
0,0,0,0,21,0
0,0,0,0,21,0
0,0,0,0,21,0
0,0,0,0,21,0
0,0,0,0,21,0
0,0,0,0,21,0
0,0,0,0,21,0
0,0,0,0,21,0
0,0,0,0,21,0
0,0,0,0,21,0
0,0,0,0,21,0
0,0,0,0,21,0
0,0,0,0,21,0
0,0,0,0,21,0
0,0,0,0,21,0
0,0,0,0,21,0
0,0,0,0,21,0
0,0,0,0,20,0
0,0,0,0,20,0
0,0,0,0,20,0
0,0,0,0,20,0
0,0,0,0,20,0
0,0,0,0,20,0
0,0,0,0,20,0
0,0,0,0,20,0
0,0,0,0,20,0
0,0,0,0,20,0
0,0,0,0,20,0
0,0,0,0,20,0
0,0,0,0,20,0
0,0,0,0,19,0
0,0,0,0,19,0
0,0,0,0,19,0
0,0,0,0,19,0
0,0,0,0,19,0
0,0,0,0,19,0
0,0,0,0,19,0
0,0,0,0,19,0
0,0,0,0,19,0
0,0,0,0,19,0
0,0,0,0,19,0
0,0,0,0,19,0
0,0,0,0,19,0
0,0,0,0,19,0
0,0,0,0,19,0
0,0,0,0,19,0
0,0,0,0,19,0
0,0,0,0,19,0
0,0,0,0,19,0
0,0,0,0,19,0
0,0,0,0,19,0
0,0,0,0,19,0
0,0,0,0,19,0
0,0,0,0,18,0
0,0,0,0,18,0
0,0,0,0,18,0
0,0,0,0,18,0
0,0,0,0,18,0
0,0,0,0,18,0
0,0,0,0,18,0
0,0,0,0,18,0
0,0,0,0,18,0
0,0,0,0,18,0
0,0,0,0,18,0
0,0,0,0,18,0
0,0,0,0,18,0
0,0,0,0,18,0
0,0,0,0,18,0
0,0,0,0,18,0
0,0,0,0,18,0
0,0,0,0,18,0
0,0,0,0,18,0
0,0,0,0,18,0
0,0,0,0,18,0
0,0,0,0,18,0
0,0,0,0,18,0
0,0,0,0,18,0
0,0,0,0,18,0
0,0,0,0,18,0
0,0,0,0,18,0
0,0,0,0,18,0
0,0,0,0,18,0
0,0,0,0,18,0
0,0,0,0,18,0
0,0,0,0,18,0
0,0,0,0,18,0
0,0,0,0,18,11
0,0,0,0,18,16
1,0,0,1,18,22
1,0,0,1,18,27
1,0,0,1,18,32
2,0,0,2,18,38
2,0,0,2,18,43
7,1,4,6,18,41
11,1,7,10,18,38
16,2,10,14,18,36
21,3,14,18,18,34
25,3,18,22,18,31
30,4,21,26,18,29
39,6,35,33,18,28
48,9,49,40,18,27
58,11,63,46,18,26
67,13,77,53,18,24
76,16,91,60,18,23
85,18,105,67,18,22
97,24,126,73,18,21
109,30,146,79,18,20
120,36,166,85,18,20
132,42,187,91,19,19
144,48,208,97,19,18
156,54,228,103,19,17
170,62,240,109,19,16
184,70,252,115,19,16
198,78,264,121,20,15
211,85,277,127,20,14
225,93,289,133,20,14
239,101,301,139,20,13
255,115,325,140,20,12
270,129,350,142,20,11
286,144,374,143,20,10
302,158,398,144,21,10
317,172,423,146,21,9
333,186,447,147,21,8
353,210,483,142,21,7
372,234,519,138,21,5
392,258,555,134,22,4
412,283,591,129,22,3
431,307,627,124,22,1
451,331,663,120,22,0
464,345,676,119,22,0
477,359,689,119,22,0
490,372,702,118,22,0
504,386,715,117,23,0
517,400,728,117,23,0
530,414,741,116,23,0
542,424,743,118,23,0
554,434,746,120,23,0
566,444,748,122,23,0
579,455,750,124,23,0
591,465,753,126,23,0
603,475,755,128,23,0
614,484,755,130,23,0
624,492,756,132,23,0
635,500,756,134,24,0
646,509,756,137,24,0
656,518,757,139,24,0
667,526,757,141,24,0
676,536,764,140,24,0
685,546,772,139,24,0
694,556,780,138,24,0
703,566,787,137,24,0
712,576,794,136,24,0
721,586,802,135,24,0
728,592,801,137,24,0
736,597,801,139,24,0
744,603,800,140,24,0
751,609,799,142,25,0
758,614,799,144,25,0
761,616,798,146,25,0
767,620,798,147,25,0
772,625,799,148,25,0
778,630,799,149,25,0
784,634,799,150,25,0
789,638,800,151,25,0
795,643,800,152,25,0
799,647,803,152,25,0
802,651,805,151,25,0
806,656,808,150,25,0
810,660,811,150,25,0
813,664,813,150,25,0
817,668,816,149,25,0
818,669,816,149,25,0
820,670,815,150,25,0
821,671,814,150,26,0
822,672,814,150,26,0
824,673,814,151,26,0
825,674,813,151,26,0
824,673,812,151,26,0
824,673,811,151,26,0
824,672,810,152,26,0
823,671,810,152,26,0
822,671,809,152,26,0
822,670,808,152,26,0
819,668,808,151,26,0
817,666,808,151,26,0
814,664,808,150,26,0
811,662,808,149,26,0
809,660,808,149,26,0
806,658,808,148,26,0
801,654,808,147,26,0
797,651,808,146,26,0
792,647,808,145,26,0
787,643,807,144,26,0
783,640,807,143,26,0
778,636,807,142,26,0
771,632,809,140,26,0
764,627,812,137,26,0
758,623,814,134,26,0
751,619,816,132,26,0
744,614,819,130,26,0
737,610,821,127,26,0
728,603,821,125,26,0
720,596,820,124,26,0
712,590,820,122,26,0
703,583,820,120,27,0
694,576,819,119,27,0
686,569,819,117,27,0
676,560,816,116,27,0
666,550,812,116,27,0
656,541,808,115,27,0
645,532,805,114,27,0
635,522,802,114,27,0
625,513,798,113,27,0
613,502,794,112,27,0
602,492,790,111,27,1
590,482,786,110,27,1
578,471,783,108,27,1
567,460,779,107,27,2
555,450,775,106,27,2
542,438,768,105,27,2
529,426,760,105,27,3
516,414,753,104,28,4
504,401,746,103,28,4
491,389,738,103,28,4
478,377,731,102,28,5
464,364,720,102,28,5
451,351,710,101,28,6
438,338,700,100,28,6
424,324,689,100,27,6
410,311,678,100,27,7
397,298,668,99,27,7
383,285,658,98,27,7
369,273,647,96,27,7
354,260,636,94,27,8
340,247,626,93,27,8
326,235,616,92,27,8
312,222,605,90,27,8
298,212,605,86,27,8
283,202,604,82,27,8
269,192,604,78,27,8
255,181,604,73,27,7
240,171,603,69,27,7
226,161,603,65,27,7
212,149,582,63,27,7
198,138,561,61,27,6
184,126,540,58,27,6
170,114,519,56,27,6
156,103,498,54,27,5
142,91,477,52,27,5
130,82,434,48,27,4
117,73,392,45,27,4
105,64,349,42,26,4
93,56,306,38,26,3
80,47,264,34,26,2
68,38,221,31,26,2
59,32,188,27,26,2
50,27,155,24,26,2
40,21,122,20,26,2
31,15,90,16,25,1
22,10,57,13,25,1
13,4,24,9,25,1
11,4,20,8,25,1
9,3,17,6,25,1
7,2,14,5,25,0
5,2,10,4,25,0
3,2,6,2,25,0
1,1,3,1,25,0
1,1,2,1,25,0
1,1,2,1,25,0
0,0,2,0,25,0
0,0,1,0,25,0
0,0,0,0,25,0
0,0,0,0,25,0
0,0,0,0,25,0
0,0,0,0,25,0
0,0,0,0,25,0
0,0,0,0,25,0
0,0,0,0,25,0
0,0,0,0,25,0
0,0,0,0,25,0
0,0,0,0,25,0
0,0,0,0,24,0
0,0,0,0,24,0
0,0,0,0,24,0
0,0,0,0,24,0
0,0,0,0,24,0
0,0,0,0,24,0
0,0,0,0,24,0
0,0,0,0,24,0
0,0,0,0,24,0
0,0,0,0,24,0
0,0,0,0,24,0
0,0,0,0,24,0
0,0,0,0,24,0
0,0,0,0,23,0
0,0,0,0,23,0
0,0,0,0,23,0
0,0,0,0,23,0
0,0,0,0,23,0
0,0,0,0,23,0
0,0,0,0,23,0
0,0,0,0,23,0
0,0,0,0,23,0
0,0,0,0,23,0
0,0,0,0,23,0
0,0,0,0,22,0
0,0,0,0,22,0
0,0,0,0,22,0
0,0,0,0,17,0
0,0,0,0,17,0
0,0,0,0,17,0
0,0,0,0,17,0
0,0,0,0,17,0
0,0,0,0,17,0
0,0,0,0,17,0
0,0,0,0,17,0
0,0,0,0,17,0
0,0,0,0,17,0
0,0,0,0,17,0
0,0,0,0,17,0
0,0,0,0,17,0
0,0,0,0,17,0
0,0,0,0,17,0
0,0,0,0,17,0
0,0,0,0,17,0
0,0,0,0,17,0
0,0,0,0,17,0
0,0,0,0,17,0
0,0,0,0,17,0
0,0,0,0,17,0
0,0,0,0,17,0
0,0,0,0,17,0
0,0,0,0,17,0
0,0,0,0,17,0
0,0,0,0,17,0
0,0,0,0,16,0
0,0,0,0,16,0
0,0,0,0,16,0
0,0,0,0,16,0
0,0,0,0,16,0
0,0,0,0,16,0
0,0,0,0,16,0
0,0,0,0,16,0
0,0,0,0,16,0
0,0,0,0,16,0
0,0,0,0,16,0
0,0,0,0,16,0
0,0,0,0,16,0
0,0,0,0,16,0
0,0,0,0,16,0
0,0,0,0,16,0
0,0,0,0,16,0
0,0,0,0,16,0
0,0,0,0,16,0
0,0,0,0,15,0
0,0,0,0,15,0
0,0,0,0,15,0
0,0,0,0,15,0
0,0,0,0,15,0
0,0,0,0,15,0
0,0,0,0,15,1
0,0,0,0,15,1
0,0,0,0,15,1
0,0,0,0,15,1
0,0,0,0,15,1
0,0,0,0,15,2
0,0,0,0,15,2
0,0,0,0,15,2
0,0,0,0,15,2
0,0,0,0,15,2
0,0,0,0,15,2
0,0,0,0,15,2
0,0,0,0,15,3
0,0,0,0,15,3
0,0,0,0,15,3
0,0,0,0,15,3
0,0,0,0,15,3
0,0,0,0,14,4
0,0,0,0,14,4
0,0,0,0,14,4
0,0,0,0,14,4
8,2,14,6,14,4
16,5,29,11,14,4
24,7,44,17,14,4
33,9,58,23,15,4
41,12,72,28,15,4
49,14,87,34,15,4
61,21,129,39,15,4
73,29,171,44,15,4
86,36,212,49,15,4
98,43,254,54,15,3
110,51,296,59,15,3
122,58,338,64,15,3
136,68,358,68,15,3
149,78,378,71,15,3
163,88,398,75,15,3
177,98,419,79,15,3
190,108,439,82,15,3
204,118,459,86,15,3
218,131,478,88,15,3
233,144,496,89,15,3
248,156,515,91,16,2
262,169,534,93,16,2
276,182,552,94,16,2
291,195,571,96,16,2
306,208,583,98,16,2
320,220,595,100,16,2
334,233,606,102,16,2
349,246,618,103,17,2
364,258,630,105,17,2
378,271,642,107,17,2
392,283,649,109,17,2
405,295,657,110,17,2
419,307,664,112,18,2
433,319,671,114,18,2
446,331,679,115,18,2
460,343,686,117,18,2
473,353,688,120,18,2
485,362,690,123,18,2
498,372,692,126,18,2
511,382,695,129,19,3
523,391,697,132,19,3
536,401,699,135,19,3
547,409,698,138,19,3
558,416,698,142,19,3
570,424,697,146,19,4
581,432,696,149,19,4
592,439,696,152,19,4
603,447,695,156,19,4
613,456,700,156,19,4
622,465,704,157,19,4
632,474,708,158,20,4
642,483,713,158,20,4
651,492,718,158,20,4
661,501,722,159,20,4
669,506,721,162,20,4
677,511,720,165,20,4
685,516,719,168,20,4
693,522,718,171,20,5
701,527,717,174,20,5
709,532,716,177,20,5
715,536,716,179,20,5
721,540,716,181,20,5
727,544,716,183,20,6
733,548,716,185,21,6
739,552,716,187,21,6
745,556,716,189,21,6
749,557,712,193,21,6
754,557,708,196,21,6
758,558,704,200,21,6
762,559,700,204,21,7
767,559,696,207,21,7
771,560,692,211,21,7
774,562,691,212,21,7
776,564,691,212,21,7
778,566,690,213,21,7
781,567,689,214,21,7
784,569,689,214,21,7
786,571,688,215,21,7
786,568,684,218,21,7
786,565,679,221,21,7
786,562,674,224,22,8
787,560,670,226,22,8
787,557,666,229,22,8
787,554,661,232,22,8
786,554,662,230,22,8
784,555,664,229,22,8
782,555,666,227,22,8
781,555,667,225,22,8
780,556,668,224,22,8
778,556,670,222,22,8
774,550,664,224,22,8
770,543,657,227,22,8
766,536,650,230,22,8
762,530,644,232,22,9
758,524,638,234,22,9
754,517,631,237,22,9
748,512,629,236,22,9
743,507,626,236,22,9
737,502,624,236,22,10
731,496,622,235,23,10
726,491,619,234,23,10
720,486,617,234,23,10
712,478,610,234,23,10
704,469,604,235,23,10
696,461,598,236,23,10
689,453,591,236,23,11
681,444,584,236,23,11
673,436,578,237,23,11
664,428,573,236,23,11
654,419,567,235,23,11
645,411,562,234,23,11
636,403,557,232,23,11
626,394,551,231,23,11
617,386,546,230,23,11
606,374,535,231,23,11
595,362,524,232,23,12
584,350,514,232,23,12
573,339,503,233,23,12
562,327,492,234,23,13
551,315,481,235,23,13
539,305,473,233,23,13
527,295,465,231,23,14
515,285,458,230,23,14
503,275,450,228,23,14
491,265,442,226,23,15
479,255,434,224,23,15
466,245,424,221,23,15
453,235,415,219,23,16
440,224,405,216,23,16
428,214,395,213,23,16
415,204,386,211,23,17
402,194,376,208,23,17
389,184,366,204,23,17
375,175,355,200,23,18
362,166,345,196,22,18
349,156,335,192,22,18
335,146,324,188,22,19
322,137,314,184,22,19
309,129,303,179,22,19
296,121,292,174,22,20
283,113,282,169,22,20
270,105,271,164,22,20
257,97,260,159,22,21
244,89,249,154,22,21
232,82,237,148,22,22
219,75,224,143,22,22
207,68,212,138,22,22
195,62,200,132,22,23
182,55,187,126,22,24
170,48,175,121,22,24
159,44,166,114,22,24
148,40,157,107,22,25
136,36,148,100,22,25
125,31,139,94,22,25
114,27,130,87,22,26
103,23,121,80,22,26
94,20,108,73,22,26
84,18,94,66,22,27
74,15,81,60,22,27
65,12,68,53,21,27
56,10,54,46,21,28
46,7,41,39,21,28
39,6,35,33,21,28
33,5,29,28,21,28
26,4,24,22,21,28
19,3,18,16,21,28
13,2,12,11,21,28
6,1,6,5,21,28
5,1,5,4,21,28
4,1,4,3,21,27
3,0,3,2,21,27
2,0,2,2,21,27
1,0,1,1,21,26
0,0,0,0,21,26
0,0,0,0,21,26
0,0,0,0,21,25
0,0,0,0,21,24
0,0,0,0,21,24
0,0,0,0,21,24
0,0,0,0,21,23
0,0,0,0,21,22
0,0,0,0,21,22
0,0,0,0,20,21
0,0,0,0,20,20
0,0,0,0,20,20
0,0,0,0,20,19
0,0,0,0,20,18
0,0,0,0,20,18
0,0,0,0,20,18
0,0,0,0,20,17
0,0,0,0,20,16
0,0,0,0,20,16
0,0,0,0,20,16
0,0,0,0,20,15
0,0,0,0,20,14
0,0,0,0,19,14
0,0,0,0,19,14
0,0,0,0,19,13
0,0,0,0,18,0
0,0,0,0,18,0
0,0,0,0,18,0
0,0,0,0,18,0
0,0,0,0,18,0
0,0,0,0,18,0
0,0,0,0,18,0
0,0,0,0,18,0
0,0,0,0,18,0
0,0,0,0,18,0
0,0,0,0,18,0
0,0,0,0,18,0
0,0,0,0,18,0
0,0,0,0,18,0
0,0,0,0,18,0
0,0,0,0,18,0
0,0,0,0,17,0
0,0,0,0,17,0
0,0,0,0,17,0
0,0,0,0,17,0
0,0,0,0,17,0
0,0,0,0,17,0
0,0,0,0,17,1
0,0,0,0,17,1
0,0,0,0,17,1
0,0,0,0,17,1
0,0,0,0,17,1
0,0,0,0,16,1
0,0,0,0,16,1
0,0,0,0,16,1
0,0,0,0,16,1
0,0,0,0,16,1
0,0,0,0,16,1
0,0,0,0,16,1
0,0,0,0,16,1
0,0,0,0,16,1
0,0,0,0,16,1
0,0,0,0,16,1
0,0,0,0,16,1
0,0,0,0,16,1
0,0,0,0,16,1
0,0,0,0,16,1
0,0,0,0,16,1
0,0,0,0,16,1
0,0,0,0,16,1
0,0,0,0,16,1
0,0,0,0,16,1
0,0,0,0,16,1
0,0,0,0,16,1
0,0,0,0,16,1
0,0,0,0,16,1
0,0,0,0,16,2
0,0,0,0,16,2
0,0,0,0,16,2
0,0,0,0,16,2
0,0,0,0,16,2
0,0,0,0,16,2
0,0,0,0,16,2
0,0,0,0,16,2
0,0,0,0,16,2
0,0,0,0,16,2
0,0,0,0,16,2
0,0,0,0,16,2
0,0,0,0,16,2
0,0,0,0,15,3
0,0,0,0,15,3
0,0,0,0,15,3
0,0,0,0,15,3
0,0,0,0,15,3
0,0,0,0,15,3
1,0,0,1,15,3
1,0,0,1,15,3
1,0,0,1,15,3
9,3,16,6,15,3
18,5,33,12,15,4
26,8,50,18,15,4
34,11,66,23,15,4
43,13,82,28,15,5
51,16,99,34,15,5
63,22,136,39,15,5
74,29,173,45,15,5
86,36,210,50,16,5
98,42,246,55,16,5
109,48,283,61,16,5
121,55,320,66,16,5
134,64,338,70,16,5
147,73,356,74,16,5
160,82,374,78,16,5
174,92,391,82,17,5
187,101,409,86,17,5
200,110,427,90,17,5
214,122,445,92,17,5
229,134,462,95,17,5
244,146,480,98,18,4
258,158,498,100,18,4
272,170,515,102,18,4
287,182,533,105,18,4
302,198,554,104,18,4
318,214,575,104,18,3
334,230,596,104,18,2
349,246,616,103,19,2
364,262,637,102,19,2
380,278,658,102,19,1
395,292,670,103,19,1
410,306,681,103,19,1
424,320,692,104,19,0
439,335,704,105,19,0
454,349,716,105,19,0
469,363,727,106,19,0
482,375,732,107,19,0
495,386,737,109,19,0
508,398,742,110,20,0
521,410,746,111,20,0
534,421,751,113,20,0
547,433,756,114,20,0
554,429,736,125,20,1
560,425,716,135,20,2
567,421,696,146,20,3
574,417,676,157,21,4
580,413,656,167,21,5
587,409,636,178,21,6
585,390,601,195,21,8
583,371,566,212,21,9
581,352,531,228,21,11
579,334,496,245,21,13
577,315,461,262,21,14
575,296,426,279,21,16
566,271,387,296,21,18
558,245,348,312,21,20
549,220,310,328,21,22
540,195,271,345,21,25
532,169,232,362,21,27
523,144,193,378,21,29
512,129,172,382,21,31
500,114,152,385,21,33
488,99,131,389,21,36
477,84,110,393,21,38
466,69,90,396,21,40
454,54,69,400,21,42
446,49,63,396,21,44
437,44,56,392,21,45
428,40,50,388,21,46
420,35,44,385,21,48
412,30,37,381,21,50
403,25,31,377,21,51
402,24,30,376,21,51
401,24,30,376,21,51
400,24,29,376,21,52
399,23,28,375,21,52
398,22,28,374,21,52
397,22,27,374,21,52
402,24,29,378,21,52
407,25,30,382,21,51
412,26,32,386,21,50
418,28,34,389,21,50
423,30,35,393,21,50
428,31,37,397,21,49
437,35,42,402,21,48
446,39,47,406,21,47
454,44,52,411,22,46
463,48,57,416,22,45
472,52,62,420,22,44
481,56,67,425,22,43
490,65,78,425,22,42
499,73,89,425,22,40
508,82,100,425,22,39
516,91,110,425,23,38
525,99,121,425,23,36
534,108,132,425,23,35
540,119,147,420,23,34
546,131,162,415,23,33
552,142,178,410,23,32
558,153,193,404,23,30
564,165,208,399,23,29
570,176,223,394,23,28
572,186,238,386,23,27
574,197,254,377,23,26
576,207,270,369,23,25
579,217,285,361,23,24
581,228,300,352,23,23
583,238,316,344,23,22
582,246,332,334,23,21
580,255,347,324,23,20
578,264,362,314,23,20
577,272,378,304,23,19
576,280,394,294,23,18
574,289,409,284,23,17
568,290,416,277,23,17
563,292,423,270,23,16
557,293,430,264,23,16
551,294,438,257,23,16
546,296,445,250,23,15
540,297,452,243,23,15
531,294,455,238,23,15
522,290,458,232,23,15
513,286,460,226,23,14
504,283,463,221,23,14
495,280,466,216,23,14
486,276,469,210,23,14
475,269,467,206,23,14
464,262,465,201,23,14
452,256,463,196,24,14
441,249,461,192,24,14
430,242,459,188,24,14
419,235,457,183,24,14
407,227,453,179,24,14
395,220,448,175,24,14
383,212,444,170,24,14
371,204,440,166,24,14
359,197,435,162,24,14
347,189,431,158,24,14
335,182,426,154,24,14
323,174,422,149,24,14
312,166,417,145,24,14
300,159,412,141,24,14
288,152,408,136,24,14
276,144,403,132,24,14
264,138,400,126,24,14
253,131,397,121,24,13
241,125,394,116,24,13
229,119,391,110,23,13
218,112,388,104,23,12
206,106,385,99,23,12
194,99,378,94,23,12
182,93,372,89,23,11
170,86,366,84,22,10
159,79,359,78,22,10
147,73,352,73,22,10
135,66,346,68,22,9
124,60,318,63,22,8
112,54,289,58,22,8
101,48,261,52,22,7
90,42,233,47,21,6
78,36,204,42,21,6
67,30,176,37,21,5
58,26,150,32,21,5
48,21,123,27,21,4
39,16,97,22,20,4
30,12,71,18,20,4
20,8,44,13,20,3
11,3,18,8,20,3
9,2,15,7,20,3
7,2,12,5,20,2
6,2,9,4,20,2
4,1,6,3,20,2
2,0,3,1,20,1
0,0,0,0,20,1
0,0,0,0,20,1
0,0,0,0,20,1
0,0,0,0,20,0
0,0,0,0,20,0
0,0,0,0,20,0
0,0,0,0,20,0
0,0,0,0,20,0
0,0,0,0,20,0
0,0,0,0,20,0
0,0,0,0,19,0
0,0,0,0,19,0
0,0,0,0,19,0
0,0,0,0,19,0
0,0,0,0,19,0
0,0,0,0,19,0
0,0,0,0,19,0
0,0,0,0,19,0
0,0,0,0,19,0
0,0,0,0,19,0
0,0,0,0,19,0
0,0,0,0,18,0
0,0,0,0,18,0
0,0,0,0,18,0
0,0,0,0,18,0
0,0,0,0,18,0
0,0,0,0,18,0
0,0,0,0,18,0
0,0,0,0,18,0
0,0,0,0,18,0
0,0,0,0,18,0
0,0,0,0,18,0
0,0,0,0,18,0
0,0,0,0,18,0
0,0,0,0,17,0
0,0,0,0,17,0
0,0,0,0,17,0
0,0,0,0,17,0
0,0,0,0,17,0
0,0,0,0,17,0
0,0,0,0,17,0
0,0,0,0,17,0
0,0,0,0,25,41
0,0,0,0,25,41
0,0,0,0,25,41
0,0,0,0,25,42
0,0,0,0,25,42
0,0,0,0,25,42
0,0,0,0,25,42
0,0,0,0,25,41
0,0,0,0,25,40
0,0,0,0,25,40
0,0,0,0,25,39
0,0,0,0,25,38
0,0,0,0,25,37
0,0,0,0,25,37
0,0,0,0,25,37
0,0,0,0,25,36
0,0,0,0,25,36
0,0,0,0,25,36
0,0,0,0,25,36
0,0,0,0,25,33
0,0,0,0,25,30
0,0,0,0,25,28
0,0,0,0,25,25
0,0,0,0,25,22
0,0,0,0,25,19
0,0,0,0,25,19
0,0,0,0,25,20
0,0,0,0,24,20
0,0,0,0,24,20
0,0,0,0,24,21
0,0,0,0,24,21
0,0,0,0,24,20
0,0,0,0,24,18
0,0,0,0,24,16
0,0,0,0,24,15
0,0,0,0,24,14
0,0,0,0,24,12
0,0,0,0,24,10
0,0,0,0,24,8
0,0,0,0,24,6
0,0,0,0,24,4
0,0,0,0,24,2
0,0,0,0,24,0
0,0,0,0,24,0
0,0,0,0,24,0
0,0,0,0,24,0
0,0,0,0,24,0
0,0,0,0,24,0
0,0,0,0,24,0
0,0,0,0,24,0
0,0,0,0,24,0
0,0,0,0,24,0
0,0,0,0,23,0
0,0,0,0,23,0
0,0,0,0,23,0
0,0,0,0,23,0
0,0,0,0,23,0
0,0,0,0,23,0
0,0,0,0,23,0
0,0,0,0,23,0
0,0,0,0,23,0
0,0,0,0,23,0
0,0,0,0,23,0
0,0,0,0,23,0
0,0,0,0,23,0
0,0,0,0,23,0
0,0,0,0,23,0
2,0,3,1,23,0
4,1,6,3,23,0
6,2,9,4,23,0
7,2,12,5,23,0
9,2,15,7,23,0
11,3,18,8,23,0
20,7,42,13,23,0
30,11,67,18,23,0
39,15,91,24,23,0
48,19,115,29,23,0
58,23,140,34,23,0
59,17,97,42,23,7
71,24,134,46,23,6
82,32,171,51,23,6
94,40,208,55,23,6
106,47,246,59,23,5
117,54,283,64,23,4
129,62,320,68,23,4
143,74,348,70,23,3
157,85,376,73,23,3
172,96,404,76,23,2
186,108,433,78,23,1
200,120,461,80,23,1
214,131,489,83,23,0
228,143,504,85,23,0
242,155,518,88,23,0
256,166,532,90,24,0
270,178,547,92,24,0
284,190,562,95,24,0
298,202,576,97,24,0
312,214,587,99,24,0
326,227,598,100,24,0
340,239,609,102,24,0
355,251,620,104,25,0
369,264,631,105,25,0
383,276,642,107,25,0
397,288,650,109,25,0
411,301,658,110,25,0
424,313,666,112,25,0
438,325,673,114,25,0
452,338,681,115,25,0
466,350,689,117,25,0
479,362,694,118,25,0
492,373,700,120,25,0
506,384,705,122,26,0
519,396,710,123,26,0
532,408,716,124,26,0
545,419,721,126,26,0
557,430,725,128,26,0
569,440,728,129,26,0
582,450,732,131,26,0
594,461,736,133,27,0
606,472,739,134,27,0
618,482,743,136,27,0
629,492,746,137,27,0
639,501,750,138,27,0
650,511,753,140,27,0
661,521,756,141,27,0
671,530,760,142,27,0
682,540,763,143,27,0
691,549,767,144,27,0
701,558,770,144,27,0
710,566,774,144,28,0
719,575,778,145,28,0
729,584,781,146,28,0
738,593,785,146,28,0
746,600,788,146,28,0
753,607,790,147,28,0
761,614,793,147,28,0
769,622,796,147,28,0
776,629,798,148,28,0
784,636,801,148,28,0
790,641,803,148,28,0
796,647,804,149,28,0
802,652,806,150,28,0
807,657,808,150,28,0
813,663,809,150,28,0
819,668,810,151,28,0
822,671,811,151,28,0
826,674,812,152,28,0
830,678,812,152,28,0
833,681,813,152,29,0
836,684,814,153,29,0
840,687,815,153,29,0
842,688,814,154,29,0
843,689,812,155,29,0
845,690,811,156,29,0
847,690,810,157,29,0
848,691,808,158,29,0
850,692,807,159,29,0
850,693,810,157,29,0
849,694,813,156,29,0
849,696,816,154,29,0
849,697,818,152,29,0
848,698,821,151,29,0
848,699,824,149,29,0
846,696,823,149,29,0
843,694,821,149,29,0
841,692,820,150,29,0
839,689,819,150,29,0
836,686,817,150,29,0
834,684,816,150,29,0
825,668,800,156,29,1
815,652,785,163,29,1
806,636,770,170,29,2
797,621,754,176,29,3
787,605,738,182,29,3
806,662,813,144,29,0
798,654,809,144,29,0
790,646,805,145,29,0
782,638,801,145,29,0
775,629,797,145,29,1
767,621,793,146,29,1
759,613,789,146,29,1
752,609,792,143,29,1
745,605,795,140,29,1
738,601,798,137,29,0
731,597,800,134,29,0
724,593,803,131,29,0
710,573,783,137,29,1
692,546,753,146,29,2
674,518,723,156,29,4
656,490,692,165,29,5
637,463,662,174,29,6
619,436,632,184,29,8
621,455,672,167,29,6
612,450,674,163,29,6
602,444,676,159,29,5
593,438,678,155,29,5
584,433,680,151,29,5
574,428,682,147,29,4
565,422,684,143,29,4
552,408,674,143,29,4
538,395,663,144,29,4
525,381,652,144,29,4
512,367,642,144,29,5
498,354,632,145,29,5
499,374,675,126,29,3
485,360,664,126,29,3
470,346,653,125,29,3
456,332,642,125,29,4
442,318,630,125,29,4
427,304,619,124,29,4
431,330,692,101,29,7
416,314,675,101,29,6
400,299,657,102,29,6
384,283,640,102,29,5
369,267,623,102,29,4
354,252,605,103,29,4
346,254,638,92,29,8
332,242,626,90,29,8
318,229,613,89,29,8
304,216,600,87,28,8
289,204,588,85,28,7
275,192,576,84,28,7
261,179,563,82,28,7
247,167,544,80,28,7
233,155,526,78,28,6
218,142,507,76,28,6
204,130,488,74,28,6
190,118,470,72,28,5
176,106,451,70,28,5
163,96,422,67,28,4
150,87,393,64,28,4
137,77,364,60,28,4
124,67,334,57,27,3
111,58,305,54,27,2
89,33,189,57,27,9
80,29,167,52,27,9
70,25,145,46,27,9
61,22,122,40,26,8
52,18,100,35,26,8
42,14,78,30,26,8
29,6,33,23,26,18
25,5,28,20,26,18
21,4,23,16,26,18
16,4,18,13,26,18
12,3,13,10,26,17
8,2,8,6,26,17
2,0,0,2,26,51
2,0,0,2,26,51
1,0,0,1,26,50
1,0,0,1,26,50
1,0,0,1,25,50
0,0,0,0,25,49
0,0,0,0,25,53
0,0,0,0,25,53
0,0,0,0,25,53
0,0,0,0,25,52
0,0,0,0,25,52
0,0,0,0,25,52
0,0,0,0,25,52
0,0,0,0,25,52
0,0,0,0,25,52
0,0,0,0,25,52
0,0,0,0,25,51
0,0,0,0,25,51
0,0,0,0,25,15
0,0,0,0,25,18
0,0,0,0,25,20
0,0,0,0,24,22
0,0,0,0,24,25
0,0,0,0,24,28
0,0,0,0,24,18
0,0,0,0,24,20
0,0,0,0,24,22
0,0,0,0,24,24
0,0,0,0,24,27
0,0,0,0,24,29
0,0,0,0,25,19
0,0,0,0,25,21
0,0,0,0,25,23
0,0,0,0,24,26
0,0,0,0,24,28
0,0,0,0,24,30
0,0,0,0,24,4
0,0,0,0,24,4
0,0,0,0,24,4
0,0,0,0,24,4
0,0,0,0,24,5
0,0,0,0,24,5
0,0,0,0,24,4
0,0,0,0,24,4
0,0,0,0,24,4
0,0,0,0,24,4
0,0,0,0,23,5
0,0,0,0,23,5
0,0,0,0,23,24
0,0,0,0,23,20
0,0,0,0,23,17
0,0,0,0,23,13
0,0,0,0,23,9
0,0,0,0,23,6
0,0,0,0,23,58
0,0,0,0,23,59
0,0,0,0,23,60
0,0,0,0,23,60
0,0,0,0,23,61
0,0,0,0,23,62
0,0,0,0,23,23
0,0,0,0,23,23
0,0,0,0,23,23
0,0,0,0,22,23
0,0,0,0,22,23
0,0,0,0,22,23
0,0,0,0,22,23
0,0,0,0,22,23
0,0,0,0,22,23
0,0,0,0,22,23
0,0,0,0,22,23
0,0,0,0,22,23
0,0,0,0,22,46
0,0,0,0,22,46
0,0,0,0,22,46
0,0,0,0,22,46
0,0,0,0,22,46
0,0,0,0,22,46
0,0,0,0,22,55
0,0,0,0,22,56
0,0,0,0,22,57
0,0,0,0,22,58
0,0,0,0,21,59
0,0,0,0,21,60
0,0,0,0,21,63
0,0,0,0,21,63
0,0,0,0,21,64
0,0,0,0,21,64
0,0,0,0,21,64
0,0,0,0,21,65
0,0,0,0,21,61
0,0,0,0,21,62
0,0,0,0,21,62
0,0,0,0,21,63
0,0,0,0,21,64
0,0,0,0,21,64
0,0,0,0,21,65
0,0,0,0,21,64
0,0,0,0,21,62
0,0,0,0,21,60
0,0,0,0,21,59
0,0,0,0,21,58
0,0,0,0,21,56
0,0,0,0,21,58
0,0,0,0,21,59
0,0,0,0,20,61
0,0,0,0,20,63
0,0,0,0,20,64
0,0,0,0,20,66
1,0,0,1,20,62
2,0,1,2,20,58
4,0,2,4,20,54
5,1,2,5,20,50
6,1,2,6,20,46
7,1,3,7,20,42
13,2,8,12,20,39
19,3,14,17,20,37
25,4,20,22,20,34
31,4,25,27,20,31
37,5,30,32,20,29
43,6,36,37,20,26
55,12,66,43,20,23
67,18,96,49,20,20
80,24,126,56,20,18
92,30,156,62,21,15
104,36,186,68,21,12
116,42,216,74,21,9
132,56,256,76,21,8
149,70,296,79,21,6
165,84,336,82,21,4
181,97,376,84,21,3
198,111,416,86,21,2
214,125,456,89,21,0
228,137,472,91,21,0
243,149,489,93,21,0
257,162,505,96,22,0
271,174,521,98,22,0
286,186,538,100,22,0
300,198,554,102,22,0
314,211,567,104,22,0
329,224,580,105,22,0
344,237,592,106,22,0
358,250,605,108,22,0
372,263,618,110,22,0
387,276,631,111,22,0
401,289,640,112,22,0
415,301,649,114,22,0
429,314,658,115,22,0
443,327,666,116,23,0
457,339,675,118,23,0
471,352,684,119,23,0
484,364,690,120,23,0
497,375,696,122,23,0
510,387,702,124,24,0
524,399,707,125,24,0
537,410,713,126,24,0
550,422,719,128,24,0
562,432,722,130,24,0
574,443,726,131,24,0
586,454,730,133,24,0
599,464,733,135,25,0
611,474,736,136,25,0
623,485,740,138,25,0
634,496,747,138,25,0
645,507,754,137,25,0
656,518,760,137,25,0
666,530,767,137,25,0
677,541,774,136,25,0
688,552,781,136,25,0
697,560,784,137,25,0
706,569,787,137,25,0
716,578,790,138,26,0
725,586,793,139,26,0
734,594,796,139,26,0
743,603,799,140,26,0
750,609,799,142,26,0
758,615,799,143,26,0
766,621,800,144,26,0
773,627,800,146,26,0
780,633,800,148,26,0
788,639,800,149,26,0
794,644,801,150,26,0
799,648,802,150,26,0
804,653,802,151,26,0
810,658,803,152,27,0
816,662,804,152,27,0
729,457,553,272,27,11
741,480,578,261,27,10
753,503,604,250,27,9
766,526,629,240,27,8
778,549,654,229,27,7
790,572,680,218,27,6
760,493,584,267,27,10
768,510,604,258,27,9
775,528,624,248,27,8
783,545,644,238,27,8
791,562,664,229,27,7
798,580,684,220,27,6
780,534,630,246,27,8
784,544,642,240,27,8
788,554,653,234,27,7
792,564,665,228,28,6
796,574,677,222,28,6
800,584,688,216,28,6
846,695,819,151,28,0
840,686,811,154,28,0
835,678,803,157,28,1
830,669,795,160,28,1
824,660,787,164,28,1
818,652,779,167,28,2
830,682,818,148,28,0
825,678,818,147,28,0
821,675,818,146,28,0
816,672,818,145,28,0
811,668,817,144,28,0
807,664,817,143,28,0
802,661,817,142,28,0
795,656,816,141,28,0
789,650,816,139,28,0
782,644,816,138,28,0
775,639,815,137,28,0
769,634,814,135,28,0
762,628,814,134,28,0
754,620,811,134,28,0
745,612,807,133,28,0
737,604,804,133,28,0
729,596,801,133,28,0
720,588,797,132,28,0
705,564,771,141,28,1
687,537,741,150,28,2
669,509,711,160,28,4
651,482,680,169,28,5
633,455,650,178,28,6
615,427,620,188,28,8
610,431,633,179,28,7
599,423,632,176,28,7
588,415,631,173,28,7
578,408,630,170,28,7
567,400,629,167,28,7
556,392,628,164,28,7
573,451,740,122,28,2
556,429,715,127,28,3
539,408,689,132,28,4
522,386,664,137,28,4
506,364,639,142,28,5
489,343,613,147,28,6
472,321,588,152,28,7
459,309,578,151,28,7
446,298,568,149,28,7
434,286,558,148,28,7
421,274,548,147,28,7
408,263,538,145,28,7
392,244,508,148,28,8
379,234,499,145,28,8
366,224,490,142,28,8
352,214,482,139,28,8
339,203,473,136,28,8
326,193,464,133,28,8
306,169,428,137,28,9
292,160,421,132,28,10
278,150,414,128,28,10
264,141,406,123,28,10
250,132,399,118,28,11
236,122,392,114,28,12
227,122,403,105,28,10
214,113,386,101,28,10
201,103,368,97,28,11
188,94,350,94,28,12
174,85,333,90,27,12
161,75,316,86,27,12
151,72,331,80,27,10
138,63,292,76,27,12
124,54,253,71,27,14
110,44,214,67,26,16
97,35,175,63,26,19
84,26,136,58,26,21
72,19,112,53,26,21
64,16,96,47,26,23
55,14,80,42,26,25
46,11,64,36,26,28
38,8,47,30,26,30
30,6,31,25,26,32
21,3,18,18,26,35
18,2,15,16,26,35
15,2,12,13,26,36
12,2,9,10,26,36
9,1,6,8,26,36
6,0,3,6,26,37
3,0,0,3,26,37
2,0,0,2,26,34
2,0,0,2,26,32
2,0,0,2,26,30
1,0,0,1,25,27
0,0,0,0,25,24
0,0,0,0,25,22
0,0,0,0,25,20
0,0,0,0,25,19
0,0,0,0,25,18
0,0,0,0,25,16
0,0,0,0,25,14
0,0,0,0,25,13
0,0,0,0,25,13
0,0,0,0,25,13
0,0,0,0,25,14
0,0,0,0,25,14
0,0,0,0,25,14
0,0,0,0,25,14
0,0,0,0,25,15
0,0,0,0,25,16
0,0,0,0,24,17
0,0,0,0,24,18
0,0,0,0,24,19
0,0,0,0,24,20
0,0,0,0,24,20
0,0,0,0,24,20
0,0,0,0,24,20
0,0,0,0,24,21
0,0,0,0,24,21
0,0,0,0,24,21
0,0,0,0,24,21
0,0,0,0,24,21
0,0,0,0,24,21
0,0,0,0,24,21
0,0,0,0,24,21
0,0,0,0,24,21
0,0,0,0,24,21
0,0,0,0,24,21
0,0,0,0,24,21
0,0,0,0,24,21
0,0,0,0,24,21
